Title,Company,Location,Date Posted
Technical Data Analyst,Curated Cloud Consulting Company,N/A,N/A
DATA ANALYST I - Karachi,Smollan Pakistan,N/A,N/A
Data Analyst,Techmile Solutions,N/A,N/A
Reporting Analyst,AIMS SERVICES AND CONSULTANCY PARTNERS (PRIVATE)...,N/A,N/A
Reporting Analyst,ABIC,N/A,N/A
Data Analyst (Excel Expert),Ropstam Solutions,N/A,N/A
Jr Data Analyst,Soft Nation Technologies,N/A,N/A
Data Analyst,Dm Clinical Research Group,N/A,N/A
Data Analyst (Night Shift),Softvira,N/A,N/A
Junior Data Analyst,Tens Sourcing,N/A,N/A
Junior Lab Analyst,Fulcrum Pvt Ltd,N/A,N/A
Junior Data Analyst,Your Cloud Campus,N/A,N/A
Business Intelligence Coordinator (Data analyst),HRSG Outsourcing Pvt.Ltd.,N/A,N/A
DATA ANALYST III - Karachi,Smollan Pakistan,N/A,N/A
IT Data Management Analyst,HRSG Outsourcing Pvt.Ltd.,N/A,N/A
Data Analyst,Horizon Technologies,N/A,N/A
Data Analyst,SKIN XPERTS,N/A,N/A
Data & Platform Analyst,The Citizens Foundation (TCF),N/A,N/A
Senior Data Analyst (Remote),SellerPrism,N/A,N/A
Business Intelligence Coordinator (data analyst),HRSG Outsourcing Pvt.Ltd.,N/A,N/A
Assistant Financial Analyst,Streetware Systems Pvt Ltd,N/A,N/A
Jr. Data Analyst,Ecom spot,N/A,N/A
Financial Analyst Intern,PI Pakistan (Pvt.) Ltd,N/A,N/A
Commission Analyst (Advance Excel Specialist & power Bi Specialist),Recruitech Solutions.,N/A,N/A
"Data Analyst, Transcripts",S&P Global,N/A,N/A
